Name,Owner,Modulo,Tipo
BENEFICIARIO,PROD_DGCP,CONCERTACIONES,TABLA
BENEFICIARIO_TRAMO,PROD_DGCP,CONCERTACIONES,TABLA
BENEFICIARIO_TRAMO_EJECUTORA,PROD_DGCP,CONCERTACIONES,TABLA
BONOS_DENOMINACION,PROD_DGCP,CONCERTACIONES,TABLA
CREDITO_PROC_APROB_REQU,PROD_DGCP,CONCERTACIONES,TABLA
CREDITO_PROC_APROBACION,PROD_DGCP,CONCERTACIONES,TABLA
CREDITOS,PROD_DGCP,CONCERTACIONES,TABLA
CREDITOS_NOTAS,PROD_DGCP,CONCERTACIONES,TABLA
ENTIDADES,PROD_DGCP,CONCERTACIONES,TABLA
GRUPO_FINANCIERO,PROD_DGCP,CONCERTACIONES,TABLA
MONEDA,PROD_DGCP,CONCERTACIONES,TABLA
PARTICIPACION,PROD_DGCP,CONCERTACIONES,TABLA
PARTICIPANTES,PROD_DGCP,CONCERTACIONES,TABLA
PLIEGO_DNEP,PROD_DGCP,CONCERTACIONES,TABLA
SECUENCIA_CLAVE,PROD_DGCP,CONCERTACIONES,TABLA
TIPO_DEUDA,PROD_DGCP,CONCERTACIONES,TABLA
TIPO_EMPRESA,PROD_DGCP,CONCERTACIONES,TABLA
TRAMO,PROD_DGCP,CONCERTACIONES,TABLA
TRAMO_CANCELACION,PROD_DGCP,CONCERTACIONES,TABLA
TRAMO_DESEMBOLSO,PROD_DGCP,CONCERTACIONES,TABLA
ACUERDO_FINANCIERO,PROD_DGCP,DESEMBOLSOS,TABLA
ACUERDO_FINANCIERO_DETALLE,PROD_DGCP,DESEMBOLSOS,TABLA
CREDITO_SECTORISTA,PROD_DGCP,DESEMBOLSOS,TABLA
CREDITOS,PROD_DGCP,DESEMBOLSOS,TABLA
DESEMBOLSO,PROD_DGCP,DESEMBOLSOS,TABLA
DESEMBOLSO_METAS_ANU,PROD_DGCP,DESEMBOLSOS,TABLA
DESEMBOLSO_TRAMITE,PROD_DGCP,DESEMBOLSOS,TABLA
ENLACE_OPERACION_TRASLADO,PROD_DGCP,DESEMBOLSOS,TABLA
ENLACE_TRASLADO_CALENDARIO,PROD_DGCP,DESEMBOLSOS,TABLA
ENLACE_TRASLADO_REGULARIZ,PROD_DGCP,DESEMBOLSOS,TABLA
ENTIDADES,PROD_DGCP,DESEMBOLSOS,TABLA
GRUPO_FINANCIERO,PROD_DGCP,DESEMBOLSOS,TABLA
MONEDA,PROD_DGCP,DESEMBOLSOS,TABLA
SECUENCIA_FALTANTE,PROD_DGCP,DESEMBOLSOS,TABLA
TIPO_DEUDA,PROD_DGCP,DESEMBOLSOS,TABLA
TIPO_EMPRESA,PROD_DGCP,DESEMBOLSOS,TABLA
TO_INTF_SIAD_SIAF,PROD_DGCP,DESEMBOLSOS,TABLA
TRAMO,PROD_DGCP,DESEMBOLSOS,TABLA
TRAMO_CANCELACION_ENTRAMITE,PROD_DGCP,DESEMBOLSOS,TABLA
TRAMO_DESEMBOLSO,PROD_DGCP,DESEMBOLSOS,TABLA
ACUERDO_ESPECIAL,PROD_DGCP,OPERACIONES,TABLA
ACUERDO_ESPECIAL_DETALLE,PROD_DGCP,OPERACIONES,TABLA
ACUERDO_FINANC_RELACION_VENC,PROD_DGCP,OPERACIONES,TABLA
ACUERDO_FINANCIERO,PROD_DGCP,OPERACIONES,TABLA
ACUERDO_FINANCIERO_DETALLE,PROD_DGCP,OPERACIONES,TABLA
ACUERDO_FINANCIERO_FECHAS,PROD_DGCP,OPERACIONES,TABLA
ACUERDO_FINANCIERO_RELACION,PROD_DGCP,OPERACIONES,TABLA
ACUERDO_SERVICIO,PROD_DGCP,OPERACIONES,TABLA
ACUERDO_SERVICIO_DETALLE,PROD_DGCP,OPERACIONES,TABLA
ASUNCION,PROD_DGCP,OPERACIONES,TABLA
ASUNCION_BENEFICIARIO,PROD_DGCP,OPERACIONES,TABLA
ASUNCION_DETALLE,PROD_DGCP,OPERACIONES,TABLA
CAJA_SEMANA,PROD_DGCP,OPERACIONES,TABLA
CALCULA_COMISION,PROD_DGCP,OPERACIONES,TABLA
CALCULA_COMISION_DEVENGADO,PROD_DGCP,OPERACIONES,TABLA
CALCULA_COMISION_WAIVER,PROD_DGCP,OPERACIONES,TABLA
CALCULA_DEVENGADO,PROD_DGCP,OPERACIONES,TABLA
CALCULA_INTERES,PROD_DGCP,OPERACIONES,TABLA
CALCULA_INTERES_DEVENGADO,PROD_DGCP,OPERACIONES,TABLA
CALCULA_INTERES_OTROS,PROD_DGCP,OPERACIONES,TABLA
CALCULA_INTERES_WAIVER,PROD_DGCP,OPERACIONES,TABLA
CALCULA_LETRA,PROD_DGCP,OPERACIONES,TABLA
CALENDARIO_AMORTIZACION,PROD_DGCP,OPERACIONES,TABLA
CALENDARIO_APLICACION,PROD_DGCP,OPERACIONES,TABLA
CALENDARIO_COMISION,PROD_DGCP,OPERACIONES,TABLA
CALENDARIO_COMPROMISOS,PROD_DGCP,OPERACIONES,TABLA
CALENDARIO_GESTION,PROD_DGCP,OPERACIONES,TABLA
CALENDARIO_INTERES,PROD_DGCP,OPERACIONES,TABLA
CALENDARIO_MORA,PROD_DGCP,OPERACIONES,TABLA
COMISION,PROD_DGCP,OPERACIONES,TABLA
CONTROL_CIERRE_ESTADISTICA,PROD_DGCP,OPERACIONES,TABLA
CONTROL_CIERRE_ESTADISTICO,PROD_DGCP,OPERACIONES,TABLA
COSTO_AMORTIZADO,PROD_DGCP,OPERACIONES,TABLA
COSTO_DATOS,PROD_DGCP,OPERACIONES,TABLA
COSTO_FLUJO,PROD_DGCP,OPERACIONES,TABLA
COSTO_TASA,PROD_DGCP,OPERACIONES,TABLA
CREDITOS,PROD_DGCP,OPERACIONES,TABLA
ENTIDADES,PROD_DGCP,OPERACIONES,TABLA
FECHA_CALENDARIO,PROD_DGCP,OPERACIONES,TABLA
GRUPO_FINANCIERO,PROD_DGCP,OPERACIONES,TABLA
HIST_ADEUDADO,PROD_DGCP,OPERACIONES,TABLA
HIST_ADEUDADO_COPIA,PROD_DGCP,OPERACIONES,TABLA
HIST_ADEUDADO_HIPOTETICOS,PROD_DGCP,OPERACIONES,TABLA
HIST_ADEUDADO_INV,PROD_DGCP,OPERACIONES,TABLA
HIST_ATENDIDO,PROD_DGCP,OPERACIONES,TABLA
HIST_ATENDIDO_BK15_10,PROD_DGCP,OPERACIONES,TABLA
HIST_ATENDIDO_COPIA,PROD_DGCP,OPERACIONES,TABLA
HIST_CARFIN_ANTO,PROD_DGCP,OPERACIONES,TABLA
HIST_CARFIN_DEVENGADO,PROD_DGCP,OPERACIONES,TABLA
HIST_CARFIN_DEVENGADO_COPIA,PROD_DGCP,OPERACIONES,TABLA
HIST_CC_SALDOS_OBLIG,PROD_DGCP,OPERACIONES,TABLA
HIST_COSTO_AMORTIZADO,PROD_DGCP,OPERACIONES,TABLA
HIST_COSTO_AMORTIZADO_COPIA,PROD_DGCP,OPERACIONES,TABLA
HIST_COSTO_AMORTIZADO_PROY,PROD_DGCP,OPERACIONES,TABLA
HIST_COSTO_AMORTIZADO_PROY_COP,PROD_DGCP,OPERACIONES,TABLA
HIST_COSTO_AMORTIZADO_VENC,PROD_DGCP,OPERACIONES,TABLA
HIST_COSTO_AMORTIZADO_VENC_COP,PROD_DGCP,OPERACIONES,TABLA
HIST_CRONO_VENCIDO,PROD_DGCP,OPERACIONES,TABLA
HIST_CRONO_VENCIDO_COPIA,PROD_DGCP,OPERACIONES,TABLA
HIST_CRONO_VENCIDO_INV,PROD_DGCP,OPERACIONES,TABLA
HIST_CRONOGRAMA_RELACION,PROD_DGCP,OPERACIONES,TABLA
HIST_DATOS_CREDITO,PROD_DGCP,OPERACIONES,TABLA
HIST_DESEMBOLSO,PROD_DGCP,OPERACIONES,TABLA
HIST_ESTADISTICA_ADEUDADO,PROD_DGCP,OPERACIONES,TABLA
HIST_ESTADISTICA_NOTAS,PROD_DGCP,OPERACIONES,TABLA
HIST_ESTADISTICA_REPORTE,PROD_DGCP,OPERACIONES,TABLA
HIST_MOV_DOC_PAGO_DEUDA,PROD_DGCP,OPERACIONES,TABLA
HIST_PROYECTADO,PROD_DGCP,OPERACIONES,TABLA
HIST_PROYECTADO_COPIA,PROD_DGCP,OPERACIONES,TABLA
HIST_PROYECTADO_INV,PROD_DGCP,OPERACIONES,TABLA
HIST_PUBLICACION,PROD_DGCP,OPERACIONES,TABLA
MONEDA,PROD_DGCP,OPERACIONES,TABLA
MORA_AMORTIZACION,PROD_DGCP,OPERACIONES,TABLA
MORA_COMISION,PROD_DGCP,OPERACIONES,TABLA
MORA_INTERES,PROD_DGCP,OPERACIONES,TABLA
PAGARE,PROD_DGCP,OPERACIONES,TABLA
PAGARE_MOVIM,PROD_DGCP,OPERACIONES,TABLA
PAGARE_ORIGINAL_TMP,PROD_DGCP,OPERACIONES,TABLA
PAGARE_VENCIM,PROD_DGCP,OPERACIONES,TABLA
PAGARE_VENCIM_PAGOS,PROD_DGCP,OPERACIONES,TABLA
PAGOS,PROD_DGCP,OPERACIONES,TABLA
PAR_CON_CAMPO,PROD_DGCP,OPERACIONES,TABLA
PAR_CON_DATO,PROD_DGCP,OPERACIONES,TABLA
PAR_CON_JERARQUIA,PROD_DGCP,OPERACIONES,TABLA
PAR_CON_MONTO,PROD_DGCP,OPERACIONES,TABLA
PAR_CON_NAV,PROD_DGCP,OPERACIONES,TABLA
PAR_CON_NIV_JER,PROD_DGCP,OPERACIONES,TABLA
PAR_CON_PROGRAMA,PROD_DGCP,OPERACIONES,TABLA
PORTAL_ADEUDADO,PROD_DGCP,OPERACIONES,TABLA
PORTAL_ADEUDADO_COPIA,PROD_DGCP,OPERACIONES,TABLA
PORTAL_ADEUDADO_LINEA,PROD_DGCP,OPERACIONES,TABLA
PORTAL_ATENDIDO,PROD_DGCP,OPERACIONES,TABLA
PORTAL_ATENDIDO_COPIA,PROD_DGCP,OPERACIONES,TABLA
PORTAL_ATENDIDO_LINEA,PROD_DGCP,OPERACIONES,TABLA
PORTAL_CONCERTACIONES,PROD_DGCP,OPERACIONES,TABLA
PORTAL_DESCRIPCIONES,PROD_DGCP,OPERACIONES,TABLA
PORTAL_DESEMBOLSOS,PROD_DGCP,OPERACIONES,TABLA
PORTAL_DESEMBOLSOS_COPIA,PROD_DGCP,OPERACIONES,TABLA
PORTAL_DESEMBOLSOS_LINEA,PROD_DGCP,OPERACIONES,TABLA
PORTAL_PROYECTADO,PROD_DGCP,OPERACIONES,TABLA
PORTAL_PROYECTADO_COPIA,PROD_DGCP,OPERACIONES,TABLA
PORTAL_PROYECTADO_LINEA,PROD_DGCP,OPERACIONES,TABLA
PORTAL_PUBLICACION,PROD_DGCP,OPERACIONES,TABLA
REPROCESAR_ESTADISTICA,PROD_DGCP,OPERACIONES,TABLA
TASA_INTERES,PROD_DGCP,OPERACIONES,TABLA
TASAS,PROD_DGCP,OPERACIONES,TABLA
TASAS_INSERTADAS,PROD_DGCP,OPERACIONES,TABLA
TIPO_DEUDA,PROD_DGCP,OPERACIONES,TABLA
TIPO_EMPRESA,PROD_DGCP,OPERACIONES,TABLA
TRAMO,PROD_DGCP,OPERACIONES,TABLA
TRAMO_DESEMBOLSO,PROD_DGCP,OPERACIONES,TABLA
ACREEDOR_CLASIF_PRESU,PROD_DGCP,PROGRAMACION CAJA,TABLA
CAJA_FACTOR_CAMBIO,PROD_DGCP,PROGRAMACION CAJA,TABLA
CAJA_PERIODO,PROD_DGCP,PROGRAMACION CAJA,TABLA
COMITE_AMPLIACION,PROD_DGCP,PROGRAMACION CAJA,TABLA
COMITE_DETALLE_APROBACION,PROD_DGCP,PROGRAMACION CAJA,TABLA
COMITE_EJECUTADO,PROD_DGCP,PROGRAMACION CAJA,TABLA
COMITE_PERIODO_ANEXOS,PROD_DGCP,PROGRAMACION CAJA,TABLA
COMITE_PERIODO_APROBACION,PROD_DGCP,PROGRAMACION CAJA,TABLA
COMP_DEVEN_COBERTURA,PROD_DGCP,PROGRAMACION CAJA,TABLA
COMPROMISO_DEVENGADO,PROD_DGCP,PROGRAMACION CAJA,TABLA
CREDITO_CUENTA,PROD_DGCP,PROGRAMACION CAJA,TABLA
CREDITO_CUENTA_COBERTURA,PROD_DGCP,PROGRAMACION CAJA,TABLA
CREDITOS,PROD_DGCP,PROGRAMACION CAJA,TABLA
CUENTA,PROD_DGCP,PROGRAMACION CAJA,TABLA
CUENTA_COBERTURA,PROD_DGCP,PROGRAMACION CAJA,TABLA
CUENTA_COBERTURA_DETALLE,PROD_DGCP,PROGRAMACION CAJA,TABLA
ENTIDADES,PROD_DGCP,PROGRAMACION CAJA,TABLA
GRUPO_FINANCIERO,PROD_DGCP,PROGRAMACION CAJA,TABLA
MONEDA,PROD_DGCP,PROGRAMACION CAJA,TABLA
PPTM_CUADRO,PROD_DGCP,PROGRAMACION CAJA,TABLA
PPTM_CUADRO_PERIODO,PROD_DGCP,PROGRAMACION CAJA,TABLA
PPTM_DEUDA_DETALLE,PROD_DGCP,PROGRAMACION CAJA,TABLA
PPTM_DEUDA_DETALLE_HIST,PROD_DGCP,PROGRAMACION CAJA,TABLA
PPTM_FACTOR_CAMBIO,PROD_DGCP,PROGRAMACION CAJA,TABLA
PPTM_PERIODO_ACTIVO,PROD_DGCP,PROGRAMACION CAJA,TABLA
PPTM_PERIODO_ANEXOS,PROD_DGCP,PROGRAMACION CAJA,TABLA
PREPAGOS,PROD_DGCP,PROGRAMACION CAJA,TABLA
SECUENCIA,PROD_DGCP,PROGRAMACION CAJA,TABLA
TIPO_DEUDA,PROD_DGCP,PROGRAMACION CAJA,TABLA
TIPO_EMPRESA,PROD_DGCP,PROGRAMACION CAJA,TABLA
TRAMO,PROD_DGCP,PROGRAMACION CAJA,TABLA
TRAMO_DESEMBOLSO,PROD_DGCP,PROGRAMACION CAJA,TABLA
CREDITOS,PROD_DGCP,TESORERIA,TABLA
ENTIDADES,PROD_DGCP,TESORERIA,TABLA
EQUIV_CUENTAS,PROD_DGCP,TESORERIA,TABLA
GASTOS_BANCARIOS,PROD_DGCP,TESORERIA,TABLA
GRUPO_FINANCIERO,PROD_DGCP,TESORERIA,TABLA
LIQUIDACION,PROD_DGCP,TESORERIA,TABLA
LIQUIDACION_COBERTURA,PROD_DGCP,TESORERIA,TABLA
LIQUIDACION_COBERTURA_MO,PROD_DGCP,TESORERIA,TABLA
LIQUIDACION_HISTORICA,PROD_DGCP,TESORERIA,TABLA
LIQUIDACION_MO,PROD_DGCP,TESORERIA,TABLA
LIQUIDACION_SIN_DEV,PROD_DGCP,TESORERIA,TABLA
LIQUIDACION_TRAMO,PROD_DGCP,TESORERIA,TABLA
LIQUIDACION_WAIVER,PROD_DGCP,TESORERIA,TABLA
MARGEN_ERROR,PROD_DGCP,TESORERIA,TABLA
MONEDA,PROD_DGCP,TESORERIA,TABLA
MOVIMIENTO_BCO_DNEP_CTA,PROD_DGCP,TESORERIA,TABLA
TE_DET_TRANSF_CTAS,PROD_DGCP,TESORERIA,TABLA
TE_PLANTILLA_MEMO,PROD_DGCP,TESORERIA,TABLA
TE_PLANTILLA_OFICIO,PROD_DGCP,TESORERIA,TABLA
TE_TEMP_OP_CONSOLIDADA,PROD_DGCP,TESORERIA,TABLA
TE_TEMP_REPORTES_INSTPAGO,PROD_DGCP,TESORERIA,TABLA
TE_TEMP_RESUM_MEMO,PROD_DGCP,TESORERIA,TABLA
TIPO_DEUDA,PROD_DGCP,TESORERIA,TABLA
TIPO_EMPRESA,PROD_DGCP,TESORERIA,TABLA
TIPO_RECURSO,PROD_DGCP,TESORERIA,TABLA
TIPO_RECURSO_CTRL_CIERRE,PROD_DGCP,TESORERIA,TABLA
TIPO_RECURSO_INGRESO,PROD_DGCP,TESORERIA,TABLA
TIPO_RECURSO_LIQUIDACION,PROD_DGCP,TESORERIA,TABLA
TIPO_RECURSO_RESTITUCION,PROD_DGCP,TESORERIA,TABLA
TIPO_RECURSO_SALDO,PROD_DGCP,TESORERIA,TABLA
TIPO_RECURSO_SALDO_MENSUAL,PROD_DGCP,TESORERIA,TABLA
TIPO_RECURSO_TECHO,PROD_DGCP,TESORERIA,TABLA
TIPO_RECURSO_UTILIZADO,PROD_DGCP,TESORERIA,TABLA
TRAMO,PROD_DGCP,TESORERIA,TABLA
TRAMO_DESEMBOLSO,PROD_DGCP,TESORERIA,TABLA
CB_AYUDA,PROD_DGCP,PROCESOS DEUDA CONTABLE,TABLA
CB_CARFIN_AJUSTE_MN,PROD_DGCP,PROCESOS DEUDA CONTABLE,TABLA
CB_CARFIN_SALDO_INICIAL,PROD_DGCP,PROCESOS DEUDA CONTABLE,TABLA
CB_CARFIN_SALDO_MENSUAL,PROD_DGCP,PROCESOS DEUDA CONTABLE,TABLA
CB_CARFIN_VARIACION_MES,PROD_DGCP,PROCESOS DEUDA CONTABLE,TABLA
CB_CONTROL_CIERRE_CONTABLE,PROD_DGCP,PROCESOS DEUDA CONTABLE,TABLA
CB_COSAMO_REGULARIZA_MES,PROD_DGCP,PROCESOS DEUDA CONTABLE,TABLA
CB_REGULARIZACION,PROD_DGCP,PROCESOS DEUDA CONTABLE,TABLA
CB_REGULARIZACION_CARFIN,PROD_DGCP,PROCESOS DEUDA CONTABLE,TABLA
CB_REGULARIZACION_OTROS,PROD_DGCP,PROCESOS DEUDA CONTABLE,TABLA
CB_REGULARIZACION_PAGO,PROD_DGCP,PROCESOS DEUDA CONTABLE,TABLA
CB_REGULARIZACION_PAGO_DET,PROD_DGCP,PROCESOS DEUDA CONTABLE,TABLA
CB_REPROCESAR,PROD_DGCP,PROCESOS DEUDA CONTABLE,TABLA
CB_REPROCESAR_DIFS_FSC,PROD_DGCP,PROCESOS DEUDA CONTABLE,TABLA
CB_SALDO_INICIAL1,PROD_DGCP,PROCESOS DEUDA CONTABLE,TABLA
CB_SALDO_INICIAL_CA,PROD_DGCP,PROCESOS DEUDA CONTABLE,TABLA
CB_SALDO_INICIAL_INV,PROD_DGCP,PROCESOS DEUDA CONTABLE,TABLA
CB_SALDO_INICIAL_SWAP,PROD_DGCP,PROCESOS DEUDA CONTABLE,TABLA
CB_SALDO_INTIMPL_XDEV_CA,PROD_DGCP,PROCESOS DEUDA CONTABLE,TABLA
CB_SALDO_MENSUAL_CA,PROD_DGCP,PROCESOS DEUDA CONTABLE,TABLA
CB_SALDO_MENSUAL_INV,PROD_DGCP,PROCESOS DEUDA CONTABLE,TABLA
CB_SWAP_GASTOS,PROD_DGCP,PROCESOS DEUDA CONTABLE,TABLA
CONT_ADEUDADO1,PROD_DGCP,PROCESOS DEUDA CONTABLE,TABLA
CONT_ADEUDADO_SWAP,PROD_DGCP,PROCESOS DEUDA CONTABLE,TABLA
CREDITOS,PROD_DGCP,PROCESOS DEUDA CONTABLE,TABLA
ENTIDADES,PROD_DGCP,PROCESOS DEUDA CONTABLE,TABLA
GRUPO_FINANCIERO,PROD_DGCP,PROCESOS DEUDA CONTABLE,TABLA
MONEDA,PROD_DGCP,PROCESOS DEUDA CONTABLE,TABLA
NOTA_CONTABLE_DESEMBOLSO,PROD_DGCP,PROCESOS DEUDA CONTABLE,TABLA
NOTA_CONTABLE_OP,PROD_DGCP,PROCESOS DEUDA CONTABLE,TABLA
PLIEGO_CONTABILIDAD,PROD_DGCP,PROCESOS DEUDA CONTABLE,TABLA
TIPO_DEUDA,PROD_DGCP,PROCESOS DEUDA CONTABLE,TABLA
TIPO_EMPRESA,PROD_DGCP,PROCESOS DEUDA CONTABLE,TABLA
TRAMO,PROD_DGCP,PROCESOS DEUDA CONTABLE,TABLA
TRAMO_DESEMBOLSO,PROD_DGCP,PROCESOS DEUDA CONTABLE,TABLA
TRAMO_OBSV,PROD_DGCP,PROCESOS DEUDA CONTABLE,TABLA
CREDITOS,PROD_DGCP,PRESUPUESTO DEUDA PUBLICA,TABLA
ENTIDADES,PROD_DGCP,PRESUPUESTO DEUDA PUBLICA,TABLA
GRUPO_FINANCIERO,PROD_DGCP,PRESUPUESTO DEUDA PUBLICA,TABLA
MONEDA,PROD_DGCP,PRESUPUESTO DEUDA PUBLICA,TABLA
PRE_AJUSTE_PIA,PROD_DGCP,PRESUPUESTO DEUDA PUBLICA,TABLA
PRE_CREDITOS,PROD_DGCP,PRESUPUESTO DEUDA PUBLICA,TABLA
PRE_DET_SOLIC_CERT,PROD_DGCP,PRESUPUESTO DEUDA PUBLICA,TABLA
PRE_FACTOR_CAMBIO,PROD_DGCP,PRESUPUESTO DEUDA PUBLICA,TABLA
PRE_FACTOR_CAMBIO_PERIODO,PROD_DGCP,PRESUPUESTO DEUDA PUBLICA,TABLA
PRE_GASTOS,PROD_DGCP,PRESUPUESTO DEUDA PUBLICA,TABLA
PRE_GASTOS_LOG,PROD_DGCP,PRESUPUESTO DEUDA PUBLICA,TABLA
PRE_INGRESOS,PROD_DGCP,PRESUPUESTO DEUDA PUBLICA,TABLA
PRE_METAS,PROD_DGCP,PRESUPUESTO DEUDA PUBLICA,TABLA
PRE_METAS_VERSION,PROD_DGCP,PRESUPUESTO DEUDA PUBLICA,TABLA
PRE_PERIODO,PROD_DGCP,PRESUPUESTO DEUDA PUBLICA,TABLA
PRE_PERIODO_CAJA,PROD_DGCP,PRESUPUESTO DEUDA PUBLICA,TABLA
PRE_PERIODO_VERSION,PROD_DGCP,PRESUPUESTO DEUDA PUBLICA,TABLA
PRE_SOLIC_CERT,PROD_DGCP,PRESUPUESTO DEUDA PUBLICA,TABLA
PRE_TEMP_GASTOS_DETALLE,PROD_DGCP,PRESUPUESTO DEUDA PUBLICA,TABLA
PRE_TEMP_INGRESOS_DETALLE,PROD_DGCP,PRESUPUESTO DEUDA PUBLICA,TABLA
PRE_TEMP_UTILIZADO,PROD_DGCP,PRESUPUESTO DEUDA PUBLICA,TABLA
RUBRO,PROD_DGCP,PRESUPUESTO DEUDA PUBLICA,TABLA
TIPO_DEUDA,PROD_DGCP,PRESUPUESTO DEUDA PUBLICA,TABLA
TIPO_EMPRESA,PROD_DGCP,PRESUPUESTO DEUDA PUBLICA,TABLA
TRAMO,PROD_DGCP,PRESUPUESTO DEUDA PUBLICA,TABLA
TRAMO_DESEMBOLSO,PROD_DGCP,PRESUPUESTO DEUDA PUBLICA,TABLA
ACCESOS,PROD_DGCP,UTILITARIOS,TABLA
SIAD_CAMBIOS_PROGRAMAS,PROD_DGCP,UTILITARIOS,TABLA
SIAD_CONFIG_CONTROL,PROD_DGCP,UTILITARIOS,TABLA
SIAD_CONFIG_PATH,PROD_DGCP,UTILITARIOS,TABLA
SIAD_CONFIG_SISTEMA,PROD_DGCP,UTILITARIOS,TABLA
SIAD_CONFIG_SUBDIR,PROD_DGCP,UTILITARIOS,TABLA
SIAD_ELEMENTOS,PROD_DGCP,UTILITARIOS,TABLA
SIAD_FUNCION_TRANSACCION,PROD_DGCP,UTILITARIOS,TABLA
SIAD_FUNCIONES,PROD_DGCP,UTILITARIOS,TABLA
SIAD_GRUPO,PROD_DGCP,UTILITARIOS,TABLA
SIAD_GRUPO_CREDITO,PROD_DGCP,UTILITARIOS,TABLA
SIAD_GRUPO_FILTROS,PROD_DGCP,UTILITARIOS,TABLA
SIAD_HERRAMIENTA_OBJETO,PROD_DGCP,UTILITARIOS,TABLA
SIAD_HIST_GRUPO_CREDITO,PROD_DGCP,UTILITARIOS,TABLA
SIAD_LOG_ALERTAS,PROD_DGCP,UTILITARIOS,TABLA
SIAD_LOG_ALERTAS_OBJETOS,PROD_DGCP,UTILITARIOS,TABLA
SIAD_LOG_ALERTAS_USUARIOS,PROD_DGCP,UTILITARIOS,TABLA
SIAD_MODULOS,PROD_DGCP,UTILITARIOS,TABLA
SIAD_MODULOS_DOCUMENTOS,PROD_DGCP,UTILITARIOS,TABLA
SIAD_ORIGEN_ALERTA_USUARIO,PROD_DGCP,UTILITARIOS,TABLA
SIAD_PROGRAMAS,PROD_DGCP,UTILITARIOS,TABLA
SIAD_PROYECTOS_SISTEMAS,PROD_DGCP,UTILITARIOS,TABLA
SIAD_SISTEMA_BASE_DATOS,PROD_DGCP,UTILITARIOS,TABLA
SIAD_SISTEMA_OWNER,PROD_DGCP,UTILITARIOS,TABLA
SIAD_SISTEMAS,PROD_DGCP,UTILITARIOS,TABLA
SIAD_SUBSISTEMAS,PROD_DGCP,UTILITARIOS,TABLA
SIAD_TEMP_GRUPO_CREDITO,PROD_DGCP,UTILITARIOS,TABLA
SIAD_TEMP_USUARIO_ALERTA,PROD_DGCP,UTILITARIOS,TABLA
SIAD_TEMP_USUARIO_FUNCION,PROD_DGCP,UTILITARIOS,TABLA
SIAD_TITULOS,PROD_DGCP,UTILITARIOS,TABLA
SIAD_TRABAJOS,PROD_DGCP,UTILITARIOS,TABLA
SIAD_TRABAJOS_ACTIVIDADES,PROD_DGCP,UTILITARIOS,TABLA
SIAD_TRABAJOS_ALERTAS,PROD_DGCP,UTILITARIOS,TABLA
SIAD_TRABAJOS_DOCUMENTOS,PROD_DGCP,UTILITARIOS,TABLA
SIAD_TRANSACCION_AREA_FUNC,PROD_DGCP,UTILITARIOS,TABLA
SIAD_TRANSACCIONES,PROD_DGCP,UTILITARIOS,TABLA
SIAD_TRANSACCIONES_PROGRAMAS,PROD_DGCP,UTILITARIOS,TABLA
SIAD_USUARIO_ALERTAS,PROD_DGCP,UTILITARIOS,TABLA
SIAD_USUARIO_ALERTAS_DEST,PROD_DGCP,UTILITARIOS,TABLA
SIAD_USUARIO_ASIGNACION,PROD_DGCP,UTILITARIOS,TABLA
SIAD_USUARIO_MACROFUNCION,PROD_DGCP,UTILITARIOS,TABLA
SIAD_USUARIO_OTROS_VINCULOS,PROD_DGCP,UTILITARIOS,TABLA
SIAD_USUARIO_SISTEMA,PROD_DGCP,UTILITARIOS,TABLA
SIAD_USUARIO_TRANSACCION,PROD_DGCP,UTILITARIOS,TABLA
SIAD_USUARIOS,PROD_DGCP,UTILITARIOS,TABLA
SIAD_VERSION,PROD_DGCP,UTILITARIOS,TABLA
BD_BONO,PROD_DGCP,BONOS DEUDA AGRARIA,TABLA
BD_BONO_AGRARIO_IMPO,PROD_DGCP,BONOS DEUDA AGRARIA,TABLA
BD_BONO_AGRARIO_TEMP,PROD_DGCP,BONOS DEUDA AGRARIA,TABLA
BD_BONO_CUPON,PROD_DGCP,BONOS DEUDA AGRARIA,TABLA
BD_BONO_PAGO,PROD_DGCP,BONOS DEUDA AGRARIA,TABLA
BD_BONO_PARTICIPANTE,PROD_DGCP,BONOS DEUDA AGRARIA,TABLA
BD_DISPOSITIVO,PROD_DGCP,BONOS DEUDA AGRARIA,TABLA
BD_EMISION,PROD_DGCP,BONOS DEUDA AGRARIA,TABLA
BD_EMISION_CLASE,PROD_DGCP,BONOS DEUDA AGRARIA,TABLA
BD_EMISION_CLASE_DETALLE,PROD_DGCP,BONOS DEUDA AGRARIA,TABLA
BD_EMISION_PLANTILLA_CUPON,PROD_DGCP,BONOS DEUDA AGRARIA,TABLA
BD_ENTIDAD,PROD_DGCP,BONOS DEUDA AGRARIA,TABLA
BD_ENTIDAD_DETALLE_TMP,PROD_DGCP,BONOS DEUDA AGRARIA,TABLA
BD_ENTIDAD_TMP,PROD_DGCP,BONOS DEUDA AGRARIA,TABLA
BD_EVOL_MONEDA,PROD_DGCP,BONOS DEUDA AGRARIA,TABLA
BD_LIQUIDACION_CAB,PROD_DGCP,BONOS DEUDA AGRARIA,TABLA
BD_LIQUIDACION_DET,PROD_DGCP,BONOS DEUDA AGRARIA,TABLA
BD_LIQUIDACION_DOC,PROD_DGCP,BONOS DEUDA AGRARIA,TABLA
BD_REGULARIZA_BONO,PROD_DGCP,BONOS DEUDA AGRARIA,TABLA
BD_REGULARIZA_BONO_DET,PROD_DGCP,BONOS DEUDA AGRARIA,TABLA
BD_TMP_DATOS_1,PROD_DGCP,BONOS DEUDA AGRARIA,TABLA
BD_TMP_DATOS_2,PROD_DGCP,BONOS DEUDA AGRARIA,TABLA
BD_TMP_DATOS_3,PROD_DGCP,BONOS DEUDA AGRARIA,TABLA
CREDITOS,PROD_DGCP,REVISION CARTERA,TABLA
DESEMBOLSO_METAS_ANU,PROD_DGCP,REVISION CARTERA,TABLA
ENTIDADES,PROD_DGCP,REVISION CARTERA,TABLA
GRUPO_FINANCIERO,PROD_DGCP,REVISION CARTERA,TABLA
MONEDA,PROD_DGCP,REVISION CARTERA,TABLA
PDD_CONFIGURACION,PROD_DGCP,REVISION CARTERA,TABLA
PDD_CREDITOS,PROD_DGCP,REVISION CARTERA,TABLA
PDD_DESEMBOLSO,PROD_DGCP,REVISION CARTERA,TABLA
PDD_METAS,PROD_DGCP,REVISION CARTERA,TABLA
PDD_PERIODO,PROD_DGCP,REVISION CARTERA,TABLA
PDD_PERIODO_VERSION,PROD_DGCP,REVISION CARTERA,TABLA
PDD_PROGRAMA,PROD_DGCP,REVISION CARTERA,TABLA
PDD_PROGRAMA_DOCS,PROD_DGCP,REVISION CARTERA,TABLA
SECTOR_DNEP,PROD_DGCP,REVISION CARTERA,TABLA
TIPO_DEUDA,PROD_DGCP,REVISION CARTERA,TABLA
TIPO_EMPRESA,PROD_DGCP,REVISION CARTERA,TABLA
TRAMO,PROD_DGCP,REVISION CARTERA,TABLA
TRAMO_DESEMBOLSO,PROD_DGCP,REVISION CARTERA,TABLA
CC_ACUERDO_PAGO,PROD_DGCP,CUENTAS X COBRAR,TABLA
CC_ACUERDO_PAGO_CRED,PROD_DGCP,CUENTAS X COBRAR,TABLA
CC_ACUERDO_PAGO_DET,PROD_DGCP,CUENTAS X COBRAR,TABLA
CC_ACUERDO_PAGO_REEMB,PROD_DGCP,CUENTAS X COBRAR,TABLA
CC_ACUERDO_REEMBOLSO,PROD_DGCP,CUENTAS X COBRAR,TABLA
CC_ACUERDO_TABLA,PROD_DGCP,CUENTAS X COBRAR,TABLA
CC_ACUERDO_TABLA_TASA,PROD_DGCP,CUENTAS X COBRAR,TABLA
CC_ASIGNA_DEDUC_TESORO,PROD_DGCP,CUENTAS X COBRAR,TABLA
CC_ASIGNACION_SIAD,PROD_DGCP,CUENTAS X COBRAR,TABLA
CC_CAL_APLICA,PROD_DGCP,CUENTAS X COBRAR,TABLA
CC_CAL_COMDEV,PROD_DGCP,CUENTAS X COBRAR,TABLA
CC_CAL_COMISION,PROD_DGCP,CUENTAS X COBRAR,TABLA
CC_CAL_DEPOSITO,PROD_DGCP,CUENTAS X COBRAR,TABLA
CC_CAL_DEVENGADO,PROD_DGCP,CUENTAS X COBRAR,TABLA
CC_CAL_INTERES,PROD_DGCP,CUENTAS X COBRAR,TABLA
CC_CAL_MORA,PROD_DGCP,CUENTAS X COBRAR,TABLA
CC_CAL_PAGO,PROD_DGCP,CUENTAS X COBRAR,TABLA
CC_CAL_PRINCIPAL,PROD_DGCP,CUENTAS X COBRAR,TABLA
CC_CALCULA_COMIGEST,PROD_DGCP,CUENTAS X COBRAR,TABLA
CC_CALENDARIO_COMIGEST,PROD_DGCP,CUENTAS X COBRAR,TABLA
CC_CALENDARIO_CXC,PROD_DGCP,CUENTAS X COBRAR,TABLA
CC_CALENDARIO_RECUPERO,PROD_DGCP,CUENTAS X COBRAR,TABLA
CC_CALENDARIO_TOTAL,PROD_DGCP,CUENTAS X COBRAR,TABLA
CC_CANCELA_SALDO,PROD_DGCP,CUENTAS X COBRAR,TABLA
CC_CG_COMUNICA,PROD_DGCP,CUENTAS X COBRAR,TABLA
CC_CG_CUOTAS,PROD_DGCP,CUENTAS X COBRAR,TABLA
CC_COND_FIN_COMIGEST,PROD_DGCP,CUENTAS X COBRAR,TABLA
CC_COND_FINAN,PROD_DGCP,CUENTAS X COBRAR,TABLA
CC_COND_FINAN_TASA,PROD_DGCP,CUENTAS X COBRAR,TABLA
CC_CONTROL_CIERRE,PROD_DGCP,CUENTAS X COBRAR,TABLA
CC_CTAS_BANCO,PROD_DGCP,CUENTAS X COBRAR,TABLA
CC_FIDEICOMISO,PROD_DGCP,CUENTAS X COBRAR,TABLA
CC_FIDEICOMISO_COMUN_CONT,PROD_DGCP,CUENTAS X COBRAR,TABLA
CC_FIDEICOMISO_NOTAS,PROD_DGCP,CUENTAS X COBRAR,TABLA
CC_FIDEICOMISO_NUMCOM,PROD_DGCP,CUENTAS X COBRAR,TABLA
CC_FIDEICOMISO_PART,PROD_DGCP,CUENTAS X COBRAR,TABLA
CC_FIDEICOMISO_PART_CONT,PROD_DGCP,CUENTAS X COBRAR,TABLA
CC_FIDEICOMISO_PATRIMONIO,PROD_DGCP,CUENTAS X COBRAR,TABLA
CC_FIDEICOMISO_TEXTCOM,PROD_DGCP,CUENTAS X COBRAR,TABLA
CC_HIST_ADEUDADO,PROD_DGCP,CUENTAS X COBRAR,TABLA
CC_HIST_CARFIN_DEVENGADO,PROD_DGCP,CUENTAS X COBRAR,TABLA
CC_HIST_CRONO_VENCIDO,PROD_DGCP,CUENTAS X COBRAR,TABLA
CC_HIST_PROYECTADO,PROD_DGCP,CUENTAS X COBRAR,TABLA
CC_HIST_PUBLICACION,PROD_DGCP,CUENTAS X COBRAR,TABLA
CC_MAESTRO_CTAS_BCO_CTR,PROD_DGCP,CUENTAS X COBRAR,TABLA
CC_MOV_CTAS,PROD_DGCP,CUENTAS X COBRAR,TABLA
CC_MOV_CTAS_TRASP,PROD_DGCP,CUENTAS X COBRAR,TABLA
CC_MOV_CUENTAS_BN,PROD_DGCP,CUENTAS X COBRAR,TABLA
CC_MOV_CUENTAS_BN_TXT,PROD_DGCP,CUENTAS X COBRAR,TABLA
CC_REGULARIZA_ASIG,PROD_DGCP,CUENTAS X COBRAR,TABLA
CC_SALDO_CTAS,PROD_DGCP,CUENTAS X COBRAR,TABLA
CC_SALDOS_CUENTAS_BN,PROD_DGCP,CUENTAS X COBRAR,TABLA
CC_SALDOS_CUENTAS_BN_TXT,PROD_DGCP,CUENTAS X COBRAR,TABLA
CC_SALDOS_OBLIG,PROD_DGCP,CUENTAS X COBRAR,TABLA
CC_SALDOS_OBLIG_OTROS,PROD_DGCP,CUENTAS X COBRAR,TABLA
CC_T_CRON_CONSOL,PROD_DGCP,CUENTAS X COBRAR,TABLA
CC_TASA_INTERES,PROD_DGCP,CUENTAS X COBRAR,TABLA
CC_TEMP_ADEUDADO,PROD_DGCP,CUENTAS X COBRAR,TABLA
CC_TEMP_CALCULA_DEVENGADO,PROD_DGCP,CUENTAS X COBRAR,TABLA
CC_TEMP_REP,PROD_DGCP,CUENTAS X COBRAR,TABLA
CC_TEMP_REPCTENOCTE,PROD_DGCP,CUENTAS X COBRAR,TABLA
CC_TEMP_REPORTES_GLGR,PROD_DGCP,CUENTAS X COBRAR,TABLA
CC_TMP_DIST_ABONO,PROD_DGCP,CUENTAS X COBRAR,TABLA
CREDITOS,PROD_DGCP,CUENTAS X COBRAR,TABLA
HIST_CC_SALDOS_OBLIG,PROD_DGCP,CUENTAS X COBRAR,TABLA
TRAMO,PROD_DGCP,CUENTAS X COBRAR,TABLA
TRAMO_DESEMBOLSO,PROD_DGCP,CUENTAS X COBRAR,TABLA
DETALLE_TABLA,PROD_DGCP,TABLAS BASICAS,TABLA
ENTIDAD_COD_IDENT_INT,PROD_DGCP,TABLAS BASICAS,TABLA
ENTIDAD_CONTACTOS,PROD_DGCP,TABLAS BASICAS,TABLA
ENTIDAD_DATOS,PROD_DGCP,TABLAS BASICAS,TABLA
ENTIDAD_DOC_ID,PROD_DGCP,TABLAS BASICAS,TABLA
ENTIDAD_ROL,PROD_DGCP,TABLAS BASICAS,TABLA
ENTIDAD_SIAF_SIAD,PROD_DGCP,TABLAS BASICAS,TABLA
ENTIDAD_TIPO_EMPRESA,PROD_DGCP,TABLAS BASICAS,TABLA
ENTIDADES,PROD_DGCP,TABLAS BASICAS,TABLA
FECHA_FERIADOS_EXT,PROD_DGCP,TABLAS BASICAS,TABLA
FUENTE_FINANCIAMIENTO,PROD_DGCP,TABLAS BASICAS,TABLA
GRUPO_FINANCIERO,PROD_DGCP,TABLAS BASICAS,TABLA
MAESTRO_TABLA,PROD_DGCP,TABLAS BASICAS,TABLA
MONEDA,PROD_DGCP,TABLAS BASICAS,TABLA
MONEDA_PAIS,PROD_DGCP,TABLAS BASICAS,TABLA
PAIS,PROD_DGCP,TABLAS BASICAS,TABLA
TIPO_CAMBIO,PROD_DGCP,TABLAS BASICAS,TABLA
TIPO_CAMBIO_CIERRE,PROD_DGCP,TABLAS BASICAS,TABLA
TIPO_DEUDA,PROD_DGCP,TABLAS BASICAS,TABLA
TIPO_EMPRESA,PROD_DGCP,TABLAS BASICAS,TABLA
TIPO_INTERES,PROD_DGCP,TABLAS BASICAS,TABLA
TIPO_ROL,PROD_DGCP,TABLAS BASICAS,TABLA
TMP_TIPO_CAMBIO_SBS,PROD_DGCP,TABLAS BASICAS,TABLA
BENEFICIARIO,PROD_DGCP,SUSCRIPCION ACCIONES CONTRIBUCIONES,TABLA
BENEFICIARIO_TRAMO,PROD_DGCP,SUSCRIPCION ACCIONES CONTRIBUCIONES,TABLA
BENEFICIARIO_TRAMO_EJECUTORA,PROD_DGCP,SUSCRIPCION ACCIONES CONTRIBUCIONES,TABLA
BONOS_DENOMINACION,PROD_DGCP,SUSCRIPCION ACCIONES CONTRIBUCIONES,TABLA
CALENDARIO_AMORTIZACION,PROD_DGCP,SUSCRIPCION ACCIONES CONTRIBUCIONES,TABLA
CB_SALDO_INICIAL_INV,PROD_DGCP,SUSCRIPCION ACCIONES CONTRIBUCIONES,TABLA
CB_SALDO_MENSUAL_INV,PROD_DGCP,SUSCRIPCION ACCIONES CONTRIBUCIONES,TABLA
CREDITOS,PROD_DGCP,SUSCRIPCION ACCIONES CONTRIBUCIONES,TABLA
DESEMBOLSO,PROD_DGCP,SUSCRIPCION ACCIONES CONTRIBUCIONES,TABLA
ENTIDADES,PROD_DGCP,SUSCRIPCION ACCIONES CONTRIBUCIONES,TABLA
FECHA_CALENDARIO,PROD_DGCP,SUSCRIPCION ACCIONES CONTRIBUCIONES,TABLA
HIST_ADEUDADO_INV,PROD_DGCP,SUSCRIPCION ACCIONES CONTRIBUCIONES,TABLA
HIST_CRONO_VENCIDO_INV,PROD_DGCP,SUSCRIPCION ACCIONES CONTRIBUCIONES,TABLA
HIST_PROYECTADO_INV,PROD_DGCP,SUSCRIPCION ACCIONES CONTRIBUCIONES,TABLA
LIQUIDACION,PROD_DGCP,SUSCRIPCION ACCIONES CONTRIBUCIONES,TABLA
LIQUIDACION_MO,PROD_DGCP,SUSCRIPCION ACCIONES CONTRIBUCIONES,TABLA
MONEDA,PROD_DGCP,SUSCRIPCION ACCIONES CONTRIBUCIONES,TABLA
PAGOS,PROD_DGCP,SUSCRIPCION ACCIONES CONTRIBUCIONES,TABLA
PARTICIPANTES,PROD_DGCP,SUSCRIPCION ACCIONES CONTRIBUCIONES,TABLA
TEMP_ADEUDADO1_INV,PROD_DGCP,SUSCRIPCION ACCIONES CONTRIBUCIONES,TABLA
TEMP_DIFCAMBIO_INVERSION,PROD_DGCP,SUSCRIPCION ACCIONES CONTRIBUCIONES,TABLA
TEMP_PROYECTADO_INVERSION,PROD_DGCP,SUSCRIPCION ACCIONES CONTRIBUCIONES,TABLA
TRAMO,PROD_DGCP,SUSCRIPCION ACCIONES CONTRIBUCIONES,TABLA
TRAMO_DESEMBOLSO,PROD_DGCP,SUSCRIPCION ACCIONES CONTRIBUCIONES,TABLA
CALENDARIO_TOTAL,PROD_DGCP,SUSCRIPCION ACCIONES CONTRIBUCIONES,VISTA
V_DIFERENCIA_CAMBIO_INVERSION,PROD_DGCP,SUSCRIPCION ACCIONES CONTRIBUCIONES,VISTA
V_INV_CALENDARIO_AMORTIZACION,PROD_DGCP,SUSCRIPCION ACCIONES CONTRIBUCIONES,VISTA
CAJA_PERIODO,PROD_DGCP,PAGO SERVICIO DEUDA PUBLICA EXTERNA,TABLA
COMPROMISO_DEVENGADO,PROD_DGCP,PAGO SERVICIO DEUDA PUBLICA EXTERNA,TABLA
CREDITOS,PROD_DGCP,PAGO SERVICIO DEUDA PUBLICA EXTERNA,TABLA
CUENTA,PROD_DGCP,PAGO SERVICIO DEUDA PUBLICA EXTERNA,TABLA
DETALLE_TABLA,PROD_DGCP,PAGO SERVICIO DEUDA PUBLICA EXTERNA,TABLA
ENTIDAD_ROL,PROD_DGCP,PAGO SERVICIO DEUDA PUBLICA EXTERNA,TABLA
ENTIDADES,PROD_DGCP,PAGO SERVICIO DEUDA PUBLICA EXTERNA,TABLA
FUENTE_FINANCIAMIENTO,PROD_DGCP,PAGO SERVICIO DEUDA PUBLICA EXTERNA,TABLA
GRUPO_FINANCIERO,PROD_DGCP,PAGO SERVICIO DEUDA PUBLICA EXTERNA,TABLA
HIST_MOV_DOC_PAGO_DEUDA,PROD_DGCP,PAGO SERVICIO DEUDA PUBLICA EXTERNA,TABLA
LIQUIDACION,PROD_DGCP,PAGO SERVICIO DEUDA PUBLICA EXTERNA,TABLA
MONEDA,PROD_DGCP,PAGO SERVICIO DEUDA PUBLICA EXTERNA,TABLA
REGLAS_STS,PROD_DGCP,PAGO SERVICIO DEUDA PUBLICA EXTERNA,TABLA
RUBRO,PROD_DGCP,PAGO SERVICIO DEUDA PUBLICA EXTERNA,TABLA
SD_CTAS_CENTRAL,PROD_DGCP,PAGO SERVICIO DEUDA PUBLICA EXTERNA,TABLA
SD_CTAS_FUENTE,PROD_DGCP,PAGO SERVICIO DEUDA PUBLICA EXTERNA,TABLA
SD_MSG_SWIFT_BN,PROD_DGCP,PAGO SERVICIO DEUDA PUBLICA EXTERNA,TABLA
SIAD_USUARIO_ALERTAS,PROD_DGCP,PAGO SERVICIO DEUDA PUBLICA EXTERNA,TABLA
TE_DET_TRANSF_CTAS,PROD_DGCP,PAGO SERVICIO DEUDA PUBLICA EXTERNA,TABLA
TE_PLANTILLA_OFICIO,PROD_DGCP,PAGO SERVICIO DEUDA PUBLICA EXTERNA,TABLA
TE_TEMP_OP_CONSOLIDADA,PROD_DGCP,PAGO SERVICIO DEUDA PUBLICA EXTERNA,TABLA
TE_TEMP_REPORTES_INSTPAGO,PROD_DGCP,PAGO SERVICIO DEUDA PUBLICA EXTERNA,TABLA
TE_TEMP_RESUM_MEMO,PROD_DGCP,PAGO SERVICIO DEUDA PUBLICA EXTERNA,TABLA
TIPO_RECURSO,PROD_DGCP,PAGO SERVICIO DEUDA PUBLICA EXTERNA,TABLA
TRAMO,PROD_DGCP,PAGO SERVICIO DEUDA PUBLICA EXTERNA,TABLA
BENEFICIARIO_TRAMO,PROD_DGCP,CONCILIACION SERVICIO DEUDA,TABLA
BENEFICIARIO_TRAMO_EJECUTORA,PROD_DGCP,CONCILIACION SERVICIO DEUDA,TABLA
CC_ACUERDO_PAGO,PROD_DGCP,CONCILIACION SERVICIO DEUDA,TABLA
CC_ACUERDO_PAGO_CRED,PROD_DGCP,CONCILIACION SERVICIO DEUDA,TABLA
CC_CONTROL_CIERRE,PROD_DGCP,CONCILIACION SERVICIO DEUDA,TABLA
CREDITOS,PROD_DGCP,CONCILIACION SERVICIO DEUDA,TABLA
DESEMBOLSO,PROD_DGCP,CONCILIACION SERVICIO DEUDA,TABLA
DETALLE_TABLA,PROD_DGCP,CONCILIACION SERVICIO DEUDA,TABLA
ENTIDAD_SIAF_SIAD,PROD_DGCP,CONCILIACION SERVICIO DEUDA,TABLA
ENTIDADES,PROD_DGCP,CONCILIACION SERVICIO DEUDA,TABLA
MCD_ACTA_CONCILIACION,PROD_DGCP,CONCILIACION SERVICIO DEUDA,TABLA
MCD_ACTA_DETALLE_DESEMBOLSO,PROD_DGCP,CONCILIACION SERVICIO DEUDA,TABLA
MCD_ACTA_REPRESENTANTE,PROD_DGCP,CONCILIACION SERVICIO DEUDA,TABLA
MCD_ACTA_SALDO,PROD_DGCP,CONCILIACION SERVICIO DEUDA,TABLA
MCD_ACTA_SALDO_DETALLE,PROD_DGCP,CONCILIACION SERVICIO DEUDA,TABLA
MCD_ACTA_SALDO_DOCUMENTO,PROD_DGCP,CONCILIACION SERVICIO DEUDA,TABLA
MCD_ACTA_SALDO_NOTA,PROD_DGCP,CONCILIACION SERVICIO DEUDA,TABLA
MCD_ACTA_SALDO_REPRESENTANTE,PROD_DGCP,CONCILIACION SERVICIO DEUDA,TABLA
MCD_ACTA_SALDO_VERSION,PROD_DGCP,CONCILIACION SERVICIO DEUDA,TABLA
MCD_CATEGORIA_DOCUMENTO,PROD_DGCP,CONCILIACION SERVICIO DEUDA,TABLA
MCD_CONCILIACION,PROD_DGCP,CONCILIACION SERVICIO DEUDA,TABLA
MCD_CONCILIACION_DETALLE,PROD_DGCP,CONCILIACION SERVICIO DEUDA,TABLA
MCD_CONSTANTES_SISTEMA,PROD_DGCP,CONCILIACION SERVICIO DEUDA,TABLA
MCD_EI_DETALLE,PROD_DGCP,CONCILIACION SERVICIO DEUDA,TABLA
MCD_EI_VERSION,PROD_DGCP,CONCILIACION SERVICIO DEUDA,TABLA
MCD_EJECUCION_INGRESOS,PROD_DGCP,CONCILIACION SERVICIO DEUDA,TABLA
MCD_EJECUCION_PPTO_INGRESOS,PROD_DGCP,CONCILIACION SERVICIO DEUDA,TABLA
MCD_EPI_DETALLE,PROD_DGCP,CONCILIACION SERVICIO DEUDA,TABLA
MCD_EPI_DOCUMENTO,PROD_DGCP,CONCILIACION SERVICIO DEUDA,TABLA
MCD_EPI_VERSION,PROD_DGCP,CONCILIACION SERVICIO DEUDA,TABLA
MCD_MENU,PROD_DGCP,CONCILIACION SERVICIO DEUDA,TABLA
MCD_MENU_PERFIL,PROD_DGCP,CONCILIACION SERVICIO DEUDA,TABLA
MCD_MENU_USUARIO,PROD_DGCP,CONCILIACION SERVICIO DEUDA,TABLA
MCD_NRD,PROD_DGCP,CONCILIACION SERVICIO DEUDA,TABLA
MCD_NRD_DETALLE,PROD_DGCP,CONCILIACION SERVICIO DEUDA,TABLA
MCD_NRD_DOCUMENTO,PROD_DGCP,CONCILIACION SERVICIO DEUDA,TABLA
MCD_NRD_EXPEDIENTE,PROD_DGCP,CONCILIACION SERVICIO DEUDA,TABLA
MCD_NRD_VERSION,PROD_DGCP,CONCILIACION SERVICIO DEUDA,TABLA
MCD_PERFIL,PROD_DGCP,CONCILIACION SERVICIO DEUDA,TABLA
MCD_PERIODO_CONCILIACION,PROD_DGCP,CONCILIACION SERVICIO DEUDA,TABLA
MCD_PERSONA,PROD_DGCP,CONCILIACION SERVICIO DEUDA,TABLA
MCD_PLANTILLA_CORREO,PROD_DGCP,CONCILIACION SERVICIO DEUDA,TABLA
MCD_REPRESENTANTE,PROD_DGCP,CONCILIACION SERVICIO DEUDA,TABLA
MCD_REPRESENTANTE_ENTIDAD,PROD_DGCP,CONCILIACION SERVICIO DEUDA,TABLA
MCD_SOLICITUD_DESEMBOLSO,PROD_DGCP,CONCILIACION SERVICIO DEUDA,TABLA
MCD_TIPO_ACTA_CONCILIACION,PROD_DGCP,CONCILIACION SERVICIO DEUDA,TABLA
MCD_TIPO_ACTA_SALDO,PROD_DGCP,CONCILIACION SERVICIO DEUDA,TABLA
MCD_TIPO_ACTA_TIPO_SALDO,PROD_DGCP,CONCILIACION SERVICIO DEUDA,TABLA
MCD_TIPO_DOC_IDENTIDAD,PROD_DGCP,CONCILIACION SERVICIO DEUDA,TABLA
MCD_TIPO_DOCUMENTO,PROD_DGCP,CONCILIACION SERVICIO DEUDA,TABLA
MCD_USUARIO,PROD_DGCP,CONCILIACION SERVICIO DEUDA,TABLA
MCD_USUARIO_ENTIDAD,PROD_DGCP,CONCILIACION SERVICIO DEUDA,TABLA
MCD_USUARIO_PERFIL,PROD_DGCP,CONCILIACION SERVICIO DEUDA,TABLA
MONEDA,PROD_DGCP,CONCILIACION SERVICIO DEUDA,TABLA
SECUENCIA,PROD_DGCP,CONCILIACION SERVICIO DEUDA,TABLA
TIPO_CAMBIO,PROD_DGCP,CONCILIACION SERVICIO DEUDA,TABLA
TRAMO,PROD_DGCP,CONCILIACION SERVICIO DEUDA,TABLA
V_MCD_SALDOS_UE,PROD_DGCP,CONCILIACION SERVICIO DEUDA,VISTA
V_TIPO_CAMBIO_1,PROD_DGCP,CONCILIACION SERVICIO DEUDA,VISTA
APP_CIERRE_ESTADISTICO,PROD_DGCP,CONTRATOS APP,TABLA
APP_COMPO_SUBYACENTE,PROD_DGCP,CONTRATOS APP,TABLA
APP_CONTRATO_REVISION,PROD_DGCP,CONTRATOS APP,TABLA
APP_CONTRATOAPP_BASE_LEGAL,PROD_DGCP,CONTRATOS APP,TABLA
APP_CONTRATOAPP_COFINAN,PROD_DGCP,CONTRATOS APP,TABLA
APP_CONTRATOAPP_SNIP,PROD_DGCP,CONTRATOS APP,TABLA
APP_DET_COMPO_SUBYACENTE,PROD_DGCP,CONTRATOS APP,TABLA
APP_DET_COMPROMISOS_GARANT,PROD_DGCP,CONTRATOS APP,TABLA
APP_DET_INGRESO_RECAUDADO,PROD_DGCP,CONTRATOS APP,TABLA
APP_DETALLE_TABLA,PROD_DGCP,CONTRATOS APP,TABLA
APP_DOC_ACTA,PROD_DGCP,CONTRATOS APP,TABLA
APP_DOC_ACTA_POSTOR,PROD_DGCP,CONTRATOS APP,TABLA
APP_DOC_ADENDA,PROD_DGCP,CONTRATOS APP,TABLA
APP_DOC_DECLARATORIA,PROD_DGCP,CONTRATOS APP,TABLA
APP_DOCUMENTACION,PROD_DGCP,CONTRATOS APP,TABLA
APP_ENTIDAD_CIERRE,PROD_DGCP,CONTRATOS APP,TABLA
APP_ENTIDAD_CIERRE_FECCORTE,PROD_DGCP,CONTRATOS APP,TABLA
APP_ENTIDAD_GEN_INFOESTAD,PROD_DGCP,CONTRATOS APP,TABLA
APP_ENTIDAD_ROL,PROD_DGCP,CONTRATOS APP,TABLA
APP_FIDEICOMISO_CUENTA,PROD_DGCP,CONTRATOS APP,TABLA
APP_FIDEICOMISO_PARTICIP,PROD_DGCP,CONTRATOS APP,TABLA
APP_GARANTIA_COMPROMISOS,PROD_DGCP,CONTRATOS APP,TABLA
APP_HIST_DET_COMPROMISO,PROD_DGCP,CONTRATOS APP,TABLA
APP_HIST_DET_INGRESO,PROD_DGCP,CONTRATOS APP,TABLA
APP_HIST_PUBLICACION,PROD_DGCP,CONTRATOS APP,TABLA
APP_HIST_STOCK,PROD_DGCP,CONTRATOS APP,TABLA
APP_HIST_STOCK_VARIABLES,PROD_DGCP,CONTRATOS APP,TABLA
APP_INGRESO_COMP,PROD_DGCP,CONTRATOS APP,TABLA
APP_INVERSION_CALENDARIO,PROD_DGCP,CONTRATOS APP,TABLA
APP_INVERSION_MOV,PROD_DGCP,CONTRATOS APP,TABLA
APP_LOG_IMPORTACION,PROD_DGCP,CONTRATOS APP,TABLA
APP_MAESTRO_TABLA,PROD_DGCP,CONTRATOS APP,TABLA
APP_PAGO_INGRESO,PROD_DGCP,CONTRATOS APP,TABLA
APP_PLANTILLA_CORREO,PROD_DGCP,CONTRATOS APP,TABLA
APP_PLANTILLA_DOC,PROD_DGCP,CONTRATOS APP,TABLA
APP_PLANTILLA_DOCS,PROD_DGCP,CONTRATOS APP,TABLA
APP_TEMP_COMPROMISOS,PROD_DGCP,CONTRATOS APP,TABLA
APP_TEMP_INGRESOS,PROD_DGCP,CONTRATOS APP,TABLA
APP_TEMP_STOCK_COMPROMISOS,PROD_DGCP,CONTRATOS APP,TABLA
APP_TEMP_TIPO_CAMBIO,PROD_DGCP,CONTRATOS APP,TABLA
APP_TIPO_CAMBIO,PROD_DGCP,CONTRATOS APP,TABLA
APP_TIPO_ROL,PROD_DGCP,CONTRATOS APP,TABLA
COMPROMISOS,PROD_DGCP,CONTRATOS APP,TABLA
CONCESION,PROD_DGCP,CONTRATOS APP,TABLA
DET_COMPROMISOS,PROD_DGCP,CONTRATOS APP,TABLA
DET_INGRESO,PROD_DGCP,CONTRATOS APP,TABLA
ENTIDAD_DATOS,PROD_DGCP,CONTRATOS APP,TABLA
ENTIDAD_ROL,PROD_DGCP,CONTRATOS APP,TABLA
ENTIDAD_SIAF_SIAD,PROD_DGCP,CONTRATOS APP,TABLA
ENTIDADES,PROD_DGCP,CONTRATOS APP,TABLA
FIDEICOMISOS,PROD_DGCP,CONTRATOS APP,TABLA
GARANTIA_COND_FIN,PROD_DGCP,CONTRATOS APP,TABLA
GARANTIAS,PROD_DGCP,CONTRATOS APP,TABLA
INGRESO_CONTING,PROD_DGCP,CONTRATOS APP,TABLA
MCAPP_CONSTANTES_SISTEMA,PROD_DGCP,CONTRATOS APP,TABLA
MCAPP_PERSONA,PROD_DGCP,CONTRATOS APP,TABLA
MCAPP_TIPO_DOC_IDENTIDAD,PROD_DGCP,CONTRATOS APP,TABLA
MCAPP_USUARIO,PROD_DGCP,CONTRATOS APP,TABLA
MCAPP_USUARIO_ENTIDAD,PROD_DGCP,CONTRATOS APP,TABLA
MONEDA,PROD_DGCP,CONTRATOS APP,TABLA
PAGO_COMPROMISOS,PROD_DGCP,CONTRATOS APP,TABLA
PAIS,PROD_DGCP,CONTRATOS APP,TABLA
PARTICIP_CONCESION,PROD_DGCP,CONTRATOS APP,TABLA
REPRESENTANTES,PROD_DGCP,CONTRATOS APP,TABLA
V_APP_COMPONENTE_SUBYACENTE,PROD_DGCP,CONTRATOS APP,VISTA
V_APP_COMPROMISOS_DISCOVER,PROD_DGCP,CONTRATOS APP,VISTA
V_APP_DET_COMPROMISOS,PROD_DGCP,CONTRATOS APP,VISTA
V_APP_DET_COMPROMISOS_GARANT,PROD_DGCP,CONTRATOS APP,VISTA
V_APP_STOCK_CONSOLIDADO,PROD_DGCP,CONTRATOS APP,VISTA
V_APP_STOCK_INGRESO_NETO_IMAG,PROD_DGCP,CONTRATOS APP,VISTA
V_CONCESION_GARANTIA,PROD_DGCP,CONTRATOS APP,VISTA
